Nr,Artist
1,Dany Orizio
2,Gabriel Rubio
3,Jacob Walker
4,Vladimir Zyrianov
6,Diego Machuca
8,Mariana Ennes
11,Fábio Perez
12,Marko Fiedler
13,Girma Moges
14,Vladimir Zyrianov
15,Michele Giorgi
16,Grigory Serov
17,Konstantin Turovec
19,Michele Giorgi
20,Matthew Mizak
21,Grigory Serov
23,Tomek Larek
24,Sean Donaldson
28,Natalie Russo
29,Michele Giorgi
33,Radial Studio
35,Konstantin Turovec
40,Konstantin Porubov
42,Michele Giorgi
44,Dany Orizio
48,Matthew Mizak
49,Nasrul Hakim
51,Felipe Martini
53,Michele Giorgi
55,Grigory Serov
56,Michele Giorgi
57,Michele Giorgi
58,Michele Giorgi
59,Grigory Serov
60,Michele Giorgi
61,Grigory Serov
62,Michele Giorgi
63,Grigory Serov
64,Michele Giorgi
65,Grigory Serov
66,Dany Orizio
67,Gabriel Scavariello
68,Colin Searle
70,Radial Studio
71,Fábio Perez
73,Hans Krill
74,BalanceSheet
75,Marko Fiedler
76,Nicola Saviori
77,BalanceSheet
78,Vladimir Zyrianov
81,Brolken
83,Monztre
84,Monztre
87,Nasrul Hakim
88,BalanceSheet
90,Radial Studio
91,Timur Shevtsov
93,Radial Studio
95,Nasrul Hakim
99,Grigory Serov
100,Marko Fiedler
101,Grigory Serov
102,BalanceSheet
105,Gabriel Zanini
107,Grigory Serov
113,Dany Orizio
117,Brolken
119,Colin Searle
120,Colin Searle
121,Hans Krill
122,Colin Searle
123,Colin Searle
124,Colin Searle
125,Colin Searle
126,Radial Studio
127,Dong Cheng
128,BalanceSheet
131,Marko Fiedler
132,Andreas Zafiratos
133,Natalie Russo
134,Radial Studio
135,Brolken
136,David Keen
137,Caio Monteiro
138,Gabriela Marchioro
140,Helena Butenkova
142,Natalie Russo
143,Vladimir Kafanov
144,Radial Studio
146,Andreas Zafiratos
147,Dong Cheng
150,Konstantin Porubov
153,Konstantin Porubov
155,Marzena Piwowar
159,David Tenorio
160,Caio Monteiro
163,Chris Bjors
165,Iqnatius Budi
167,Cindy Avelino
169,Angelina Chernyak
173,Liiga Smilshkalne
174,Tomek Larek
178,Andreas Zafiratos
179,Andreas Zafiratos
180,Andreas Zafiratos
181,Andreas Zafiratos
182,Andreas Zafiratos
184,Nicholas Gregory
186,Monztre
187,Dany Orizio
188,Dany Orizio
189,Marko Fiedler
190,David Auden Nash
191,Konstantin Porubov
192,Dany Orizio
193,Ronnie Price II
196,Konstantin Porubov
194,Natalie Russo
197,Diego Machuca
200,Brolken
202,BalanceSheet
203,Vladimir Zyrianov
204,Rodrigo Camilo
206,Vladimir Kafanov
207,Dong Cheng
208,Tomek Larek
210,Grigory Serov
211,Cindy Avelino
212,Konstantin Turovec
215,Radial Studio
217,Konstantin Porubov
219,Tomek Larek
222,Marc Escachx
224,Dong Cheng
225,Marko Fiedler
226,Vladimir Kafanov
227,Girma Moges
230,Caio Monteiro
234,Caio Monteiro
235,David Auden Nash
236,Natalie Russo
237,Natalie Russo
238,Natalie Russo
239,Natalie Russo
240,David Auden Nash
241,David Auden Nash
242,David Auden Nash
243,David Auden Nash
244,Caio Monteiro
245,Grigory Serov
246,Mihai Radu
247,Monztre
248,Dany Orizio
250,Grigory Serov
252,Grigory Serov
254,David Keen
255,Felipe Martini
257,Helena Butenkova
258,Mihai Radu
259,Monztre
260,Marco Tamura
263,David Tenorio
264,Brandon Hunt
267,Vladimir Zyrianov
269,Marc Escachx
272,Monztre
273,Andreas Zafiratos
274,Marko Fiedler
276,Mihai Radu
277,Sean Donaldson
283,Mariana Ennes
284,Felipe Martini
285,David Tenorio
287,Natalie Russo
289,Marko Fiedler
292,Monztre
294,Radial Studio
297,Mihai Radu
298,Mihai Radu
299,Mihai Radu
300,Mihai Radu
301,Mihai Radu
302,Marko Fiedler
303,Stanislav Dikolenko
305,Gabriel Scavariello
306,Colin Searle
308,Brandon Hunt
309,Vladimir Zyrianov
311,Marko Fiedler
312,Natalie Russo
314,Tomek Larek
315,Gabriel Scavariello
316,Vladimir Kafanov
317,Gabriel Scavariello
318,Dany Orizio
319,Chris Bjors
320,Marko Fiedler
321,Nasrul Hakim
322,Angelina Chernyak
324,Rodrigo Camilo
325,Tomek Larek
326,Matheus Schwartz
327,BalanceSheet
329,Roman Semenenko
335,Matthew Mizak
337,Fábio Perez
340,Colin Searle
341,Brandon Hunt
345,Brandon Hunt
346,Chris Bjors
347,Radial Studio
348,Vladimir Kafanov
349,David Tenorio
353,Vladimir Zyrianov
354,Vladimir Zyrianov
355,Vladimir Zyrianov
356,Vladimir Zyrianov
357,Colin Searle
358,Colin Searle
359,Colin Searle
360,Colin Searle
361,Colin Searle
362,Adam Vehige
364,Girma Moges
365,Konstantin Porubov
366,Natalie Russo
368,Allon Kremer
369,Marko Fiedler
372,Girma Moges
373,Roman Semenenko
374,Michele Giorgi
375,Tomek Larek
376,Natalie Russo
380,Ronnie Price II
381,Leandro Franci
383,Tomek Larek
385,Natalie Russo
386,Andrew Bosley
389,Tomek Larek
391,Monztre
392,Tomek Larek
394,Allon Kremer
395,Tomek Larek
396,Michele Giorgi
397,Matthew Mizak
400,Natalie Russo
402,Helena Butenkova
403,David Auden Nash
413,Leandro Franci
414,Leandro Franci
415,Leandro Franci
416,Chris Bjors
417,Chris Bjors
418,Chris Bjors
419,Chris Bjors
420,Chris Bjors
421,Chris Bjors
422,Gabriel Rubio